[{"id":"user-image-d4da4515f1e803e6c2fbb5a393dac8dc6193e801f142d4f0e4d087817ee31210532e0b03d2003da8d5c3ca25fb1c31fe3ff2638753f2ac8c181371_1280.jpg","fileName":"d4da4515f1e803e6c2fbb5a393dac8dc6193e801f142d4f0e4d087817ee31210532e0b03d2003da8d5c3ca25fb1c31fe3ff2638753f2ac8c181371_1280.jpg","name":"d4da4515f1e803e6c2fbb5a393dac8dc6193e801f142d4f0e4d087817ee31210532e0b03d2003da8d5c3ca25fb1c31fe3ff2638753f2ac8c181371_1280","publicUrl":"https://assets.nicepagecdn.com/6ccb2a8e/6459046/images/d4da4515f1e803e6c2fbb5a393dac8dc6193e801f142d4f0e4d087817ee31210532e0b03d2003da8d5c3ca25fb1c31fe3ff2638753f2ac8c181371_1280.jpg","size":214742,"hash":"I5nfnL4vh4qSMudiPbhWJkQezRU=","width":1280,"height":853,"folderId":null,"thumbnail":{"url":"https://assets.nicepagecdn.com/6ccb2a8e/6459046/images/thumbnails/d4da4515f1e803e6c2fbb5a393dac8dc6193e801f142d4f0e4d087817ee31210532e0b03d2003da8d5c3ca25fb1c31fe3ff2638753f2ac8c181371_1280.jpg","width":150,"height":100},"usages":[]},{"id":"user-image-3022269.png","fileName":"3022269.png","name":"3022269","publicUrl":"https://assets.nicepagecdn.com/6ccb2a8e/6459046/images/3022269.png","size":2406,"hash":"4zBxEU/dcjc8ihUjYne0BOH84Ac=","width":128,"height":128,"folderId":null,"thumbnail":{"url":"https://assets.nicepagecdn.com/6ccb2a8e/6459046/images/3022269.png","width":128,"height":128},"usages":["73328519"]},{"id":"user-image-3410674.png","fileName":"3410674.png","name":"3410674","publicUrl":"https://assets.nicepagecdn.com/6ccb2a8e/6459046/images/3410674.png","size":5079,"hash":"RSemetfQnvC/mZwdBhXPp5/dcLg=","width":128,"height":128,"folderId":null,"thumbnail":{"url":"https://assets.nicepagecdn.com/6ccb2a8e/6459046/images/3410674.png","width":128,"height":128},"usages":[]},{"id":"user-image-538950.png","fileName":"538950.png","name":"538950","publicUrl":"https://assets.nicepagecdn.com/6ccb2a8e/6459046/images/538950.png","size":2218,"hash":"7aQ2M9nIVYfB6dhXLdjRXjbAzW0=","width":128,"height":128,"folderId":null,"thumbnail":{"url":"https://assets.nicepagecdn.com/6ccb2a8e/6459046/images/538950.png","width":128,"height":128},"usages":["73328519"]},{"id":"user-image-1930342.png","fileName":"1930342.png","name":"1930342","publicUrl":"https://assets.nicepagecdn.com/6ccb2a8e/6459046/images/1930342.png","size":2292,"hash":"Xw2nd1UrzUJatupCLMVdILLLxy0=","width":128,"height":128,"folderId":null,"thumbnail":{"url":"https://assets.nicepagecdn.com/6ccb2a8e/6459046/images/1930342.png","width":128,"height":128},"usages":["73328519"]},{"id":"user-image-Screenshot2025-02-25173210.png","fileName":"Screenshot2025-02-25173210.png","name":"Screenshot2025-02-25173210","publicUrl":"https://assets.nicepagecdn.com/6ccb2a8e/6459046/images/Screenshot2025-02-25173210.png","size":4605744,"hash":"G87YyUMbNwn/r3PqBdDgBwgr0yE=","width":1918,"height":1031,"folderId":null,"thumbnail":{"url":"https://assets.nicepagecdn.com/6ccb2a8e/6459046/images/thumbnails/Screenshot2025-02-25173210.png","width":150,"height":81},"usages":["73328519"]},{"id":"user-image-Bhadraji_01.png","fileName":"Bhadraji_01.png","name":"Bhadraji_01","publicUrl":"https://assets.nicepagecdn.com/6ccb2a8e/6459046/images/Bhadraji_01.png","size":271344,"hash":"PBTz6I4C8vdGSIZMmdrBD7gU7io=","width":413,"height":531,"folderId":null,"thumbnail":{"url":"https://assets.nicepagecdn.com/6ccb2a8e/6459046/images/thumbnails/Bhadraji_01.png","width":117,"height":150},"usages":[]},{"id":"user-image-1.jpg","fileName":"1.jpg","name":"1","publicUrl":"https://assets.nicepagecdn.com/6ccb2a8e/6459046/images/1.jpg","size":572314,"hash":"R1CIIpYJzSeESZwAhWUGhui84zA=","width":1920,"height":1280,"folderId":null,"thumbnail":{"url":"https://assets.nicepagecdn.com/6ccb2a8e/6459046/images/thumbnails/1.jpg","width":150,"height":100},"usages":["73328519"]}]