[{"id":210246669,"title":"Blog Template","order":1,"templateKey":"blog","customTemplate":false,"customTemplateFilename":null,"pageLinks":[],"dateCreated":"2025-02-25T10:32:54.492Z","dateUpdated":"2025-02-25T10:33:02.829Z","folderId":null,"pageName":"Blog Template","sectionCount":1,"status":2},{"id":140510395,"title":"Post Template","order":2,"templateKey":"post","customTemplate":false,"customTemplateFilename":null,"pageLinks":[],"dateCreated":"2025-02-25T10:32:54.588Z","dateUpdated":"2025-02-25T10:33:02.829Z","folderId":null,"pageName":"Post Template","sectionCount":1,"status":2},{"id":27088258,"title":"Product List Template","order":3,"templateKey":"products","customTemplate":false,"customTemplateFilename":null,"pageLinks":[],"dateCreated":"2025-02-25T10:32:54.693Z","dateUpdated":"2025-02-25T10:33:02.829Z","folderId":null,"pageName":"Product List Template","sectionCount":1,"status":2},{"id":771022881,"title":"Product Details Template","order":4,"templateKey":"product","customTemplate":false,"customTemplateFilename":null,"pageLinks":[],"dateCreated":"2025-02-25T10:32:54.787Z","dateUpdated":"2025-02-25T10:33:02.829Z","folderId":null,"pageName":"Product Details Template","sectionCount":1,"status":2},{"id":23160599,"title":"Shopping Cart Template","order":5,"templateKey":"cart","customTemplate":false,"customTemplateFilename":null,"pageLinks":[],"dateCreated":"2025-02-25T10:32:54.876Z","dateUpdated":"2025-02-25T10:33:02.829Z","folderId":null,"pageName":"Shopping Cart Template","sectionCount":1,"status":2},{"id":1192619849,"title":"Login Template","order":7,"templateKey":"login","customTemplate":false,"customTemplateFilename":null,"pageLinks":[],"dateCreated":"2025-02-25T10:32:54.971Z","dateUpdated":"2025-02-25T10:33:02.829Z","folderId":null,"pageName":"Login Template","sectionCount":1,"status":2},{"id":55615108,"title":"Search Template","order":8,"templateKey":"Search","customTemplate":false,"customTemplateFilename":null,"pageLinks":[],"dateCreated":"2025-02-25T10:32:55.019Z","dateUpdated":"2025-02-25T10:33:02.829Z","folderId":null,"pageName":"Search Template","sectionCount":1,"status":2},{"id":1786230704,"title":"Password Template","order":9,"templateKey":"password","customTemplate":false,"customTemplateFilename":null,"pageLinks":[],"dateCreated":"2025-02-25T10:32:55.093Z","dateUpdated":"2025-02-25T10:33:02.829Z","folderId":null,"pageName":"Password Template","sectionCount":1,"status":2},{"id":151733573,"title":"404 Not Found Template","order":10,"templateKey":"404","customTemplate":false,"customTemplateFilename":null,"pageLinks":[],"dateCreated":"2025-02-25T10:32:55.140Z","dateUpdated":"2025-02-25T10:33:02.830Z","folderId":null,"pageName":"404 Not Found Template","sectionCount":1,"status":2},{"id":158575981,"title":"Thank You Template","order":11,"templateKey":"ThankYou","customTemplate":false,"customTemplateFilename":null,"pageLinks":[],"dateCreated":"2025-02-25T10:32:55.180Z","dateUpdated":"2025-02-25T10:33:02.830Z","folderId":null,"pageName":"Thank You Template","sectionCount":1,"status":2},{"id":73328519,"title":"Home","order":12,"templateKey":null,"customTemplate":false,"customTemplateFilename":null,"pageLinks":[],"dateCreated":"2025-02-25T10:34:31.272Z","dateUpdated":"2025-02-25T12:53:15.183Z","folderId":null,"pageName":"Home_73328519","sectionCount":6,"status":2},{"id":42108134,"title":"Services","order":13,"templateKey":null,"customTemplate":false,"customTemplateFilename":null,"pageLinks":[],"dateCreated":"2025-02-25T10:34:35.506Z","dateUpdated":"2025-02-25T13:08:09.865Z","folderId":null,"pageName":"Services_42108134","sectionCount":4,"status":2},{"id":614701163,"title":"Contact","order":14,"templateKey":null,"customTemplate":false,"customTemplateFilename":null,"pageLinks":[],"dateCreated":"2025-02-25T10:34:39.364Z","dateUpdated":"2025-02-25T10:34:39.364Z","folderId":null,"pageName":"Contact_614701163","sectionCount":3,"status":2},{"id":2163825254,"title":"Calendar & Booking","order":16,"templateKey":null,"customTemplate":false,"customTemplateFilename":null,"pageLinks":[],"dateCreated":"2025-02-25T10:34:46.553Z","dateUpdated":"2025-02-25T13:09:10.029Z","folderId":null,"pageName":"Calendar & Booking_2163825254","sectionCount":2,"status":2},{"id":99406126,"title":"About","order":17,"templateKey":null,"customTemplate":false,"customTemplateFilename":null,"pageLinks":[],"dateCreated":"2025-02-25T10:34:50.256Z","dateUpdated":"2025-02-25T10:34:50.256Z","folderId":null,"pageName":"About_99406126","sectionCount":5,"status":2},{"id":775809940,"title":"Team","order":18,"templateKey":null,"customTemplate":false,"customTemplateFilename":null,"pageLinks":["9709874","2835524258","283553557","89444247","2140128503","12515104"],"dateCreated":"2025-02-25T10:34:53.840Z","dateUpdated":"2025-02-25T10:34:53.840Z","folderId":null,"pageName":"Team_775809940","sectionCount":3,"status":2},{"id":205594612,"title":"Landing","order":19,"templateKey":null,"customTemplate":false,"customTemplateFilename":null,"pageLinks":[],"dateCreated":"2025-02-25T10:34:57.718Z","dateUpdated":"2025-02-25T10:34:57.718Z","folderId":null,"pageName":"Landing_205594612","sectionCount":7,"status":2}]